add_id,Street,ct_id
AD_1,47 MySakila Drive,CT_300
AD_10,1795 Santiago de Compostela Way,CT_295
AD_100,1308 Arecibo Way,CT_41
AD_101,1599 Plock Drive,CT_534
AD_102,669 Firozabad Loop,CT_12
AD_103,588 Vila Velha Manor,CT_268
AD_104,1913 Kamakura Place,CT_238
AD_105,733 Mandaluyong Place,CT_2
AD_106,659 Vaduz Drive,CT_34
AD_107,1177 Jelets Way,CT_220
AD_108,1386 Yangor Avenue,CT_543
AD_109,454 Nakhon Sawan Boulevard,CT_173
AD_11,900 Santiago de Compostela Parkway,CT_280
AD_110,1867 San Juan Bautista Tuxtepec Avenue,CT_225
AD_111,1532 Dzerzinsk Way,CT_334
AD_112,1002 Ahmadnagar Manor,CT_213
AD_113,682 Junan Way,CT_273
AD_114,804 Elista Drive,CT_159
AD_115,1378 Alvorada Avenue,CT_102
AD_116,793 Cam Ranh Avenue,CT_292
AD_117,1079 Tel Aviv-Jaffa Boulevard,CT_132
AD_118,442 Rae Bareli Place,CT_148
AD_119,1107 Nakhon Sawan Avenue,CT_365
AD_12,478 Joliet Way,CT_200
AD_120,544 Malm Parkway,CT_403
AD_121,1967 Sincelejo Place,CT_176
AD_122,333 Goinia Way,CT_185
AD_123,1987 Coacalco de Berriozbal Loop,CT_476
AD_124,241 Mosul Lane,CT_147
AD_125,211 Chiayi Drive,CT_164
AD_126,1175 Tanauan Way,CT_305
AD_127,117 Boa Vista Way,CT_566
AD_128,848 Tafuna Manor,CT_281
AD_129,569 Baicheng Lane,CT_85
AD_13,613 Korolev Drive,CT_329
AD_130,1666 Qomsheh Drive,CT_410
AD_131,801 Hagonoy Drive,CT_484
AD_132,1050 Garden Grove Avenue,CT_236
AD_133,1854 Tieli Street,CT_302
AD_134,758 Junan Lane,CT_190
AD_135,1752 So Leopoldo Parkway,CT_345
AD_136,898 Belm Manor,CT_87
AD_137,261 Saint Louis Way,CT_541
AD_138,765 Southampton Drive,CT_421
AD_139,943 Johannesburg Avenue,CT_417
AD_14,1531 Sal Drive,CT_162
AD_140,788 Atinsk Street,CT_211
AD_141,1749 Daxian Place,CT_29
AD_142,1587 Sullana Lane,CT_207
AD_143,1029 Dzerzinsk Manor,CT_542
AD_144,1666 Beni-Mellal Place,CT_123
AD_145,928 Jaffna Loop,CT_172
AD_146,483 Ljubertsy Parkway,CT_149
AD_147,374 Bat Yam Boulevard,CT_266
AD_148,1027 Songkhla Manor,CT_340
AD_149,999 Sanaa Loop,CT_491
AD_15,1542 Tarlac Parkway,CT_440
AD_150,879 Newcastle Way,CT_499
AD_151,1337 Lincoln Parkway,CT_555
AD_152,1952 Pune Lane,CT_442
AD_153,782 Mosul Street,CT_94
AD_154,781 Shimonoseki Drive,CT_202
AD_155,1560 Jelets Boulevard,CT_291
AD_156,1963 Moscow Place,CT_354
AD_157,456 Escobar Way,CT_232
AD_158,798 Cianjur Avenue,CT_590
AD_159,185 Novi Sad Place,CT_72
AD_16,808 Bhopal Manor,CT_582
AD_160,1367 Yantai Manor,CT_381
AD_161,1386 Nakhon Sawan Boulevard,CT_420
AD_162,369 Papeete Way,CT_187
AD_163,1440 Compton Place,CT_307
AD_164,1623 Baha Blanca Manor,CT_310
AD_165,97 Shimoga Avenue,CT_533
AD_166,1740 Le Mans Loop,CT_297
AD_167,1287 Xiangfan Boulevard,CT_253
AD_168,842 Salzburg Lane,CT_529
AD_169,154 Tallahassee Loop,CT_199
AD_17,270 Amroha Parkway,CT_384
AD_170,710 San Felipe del Progreso Avenue,CT_304
AD_171,1540 Wroclaw Drive,CT_107
AD_172,475 Atinsk Way,CT_240
AD_173,1294 Firozabad Drive,CT_407
AD_174,1877 Ezhou Lane,CT_550
AD_175,316 Uruapan Street,CT_223
AD_176,29 Pyongyang Loop,CT_58
AD_177,1010 Klerksdorp Way,CT_186
AD_178,1848 Salala Boulevard,CT_373
AD_179,431 Xiangtan Avenue,CT_18
AD_18,770 Bydgoszcz Avenue,CT_120
AD_180,757 Rustenburg Avenue,CT_483
AD_181,146 Johannesburg Way,CT_330
AD_182,1891 Rizhao Boulevard,CT_456
AD_183,1089 Iwatsuki Avenue,CT_270
AD_184,1410 Benin City Parkway,CT_405
AD_185,682 Garden Grove Place,CT_333
AD_186,533 al-Ayn Boulevard,CT_126
AD_187,1839 Szkesfehrvr Parkway,CT_317
AD_188,741 Ambattur Manor,CT_438
AD_189,927 Barcelona Street,CT_467
AD_19,419 Iligan Lane,CT_76
AD_190,435 0 Way,CT_195
AD_191,140 Chiayi Parkway,CT_506
AD_192,1166 Changhwa Street,CT_62
AD_193,891 Novi Sad Manor,CT_383
AD_194,605 Rio Claro Parkway,CT_513
AD_195,1077 San Felipe de Puerto Plata Place,CT_369
AD_196,9 San Miguel de Tucumn Manor,CT_169
AD_197,447 Surakarta Loop,CT_271
AD_198,345 Oshawa Boulevard,CT_204
AD_199,1792 Valle de la Pascua Place,CT_477
AD_2,28 MySQL Boulevard,CT_576
AD_20,360 Toulouse Parkway,CT_495
AD_200,1074 Binzhou Manor,CT_325
AD_201,817 Bradford Loop,CT_109
AD_202,955 Bamenda Way,CT_218
AD_203,1149 A Corua  Boulevard,CT_194
AD_204,387 Mwene-Ditu Drive,CT_35
AD_205,68 Molodetno Manor,CT_575
AD_206,642 Nador Drive,CT_77
AD_207,1688 Nador Lane,CT_184
AD_208,1215 Pyongyang Parkway,CT_557
AD_209,1679 Antofagasta Street,CT_122
AD_21,270 Toulon Boulevard,CT_156
AD_210,1304 s-Hertogenbosch Way,CT_83
AD_211,850 Salala Loop,CT_371
AD_212,624 Oshawa Boulevard,CT_51
AD_213,43 Dadu Avenue,CT_74
AD_214,751 Lima Loop,CT_7
AD_215,1333 Haldia Street,CT_174
AD_216,660 Jedda Boulevard,CT_65
AD_217,1001 Miyakonojo Lane,CT_518
AD_218,226 Brest Manor,CT_508
AD_219,1229 Valencia Parkway,CT_498
AD_22,320 Brest Avenue,CT_252
AD_220,1201 Qomsheh Manor,CT_28
AD_221,866 Shivapuri Manor,CT_448
AD_222,1168 Najafabad Parkway,CT_251
AD_223,1244 Allappuzha Place,CT_567
AD_224,1842 Luzinia Boulevard,CT_593
AD_225,1926 Gingoog Street,CT_511
AD_226,810 Palghat  Boulevard,CT_235
AD_227,1820 Maring Parkway,CT_324
AD_228,60 Poos de Caldas Street,CT_243
AD_229,1014 Loja Manor,CT_22
AD_23,1417 Lancaster Avenue,CT_267
AD_230,201 Effon-Alaiye Way,CT_37
AD_231,430 Alessandria Loop,CT_439
AD_232,754 Valencia Place,CT_406
AD_233,356 Olomouc Manor,CT_26
AD_234,1256 Bislig Boulevard,CT_86
AD_235,954 Kimchon Place,CT_559
AD_236,885 Yingkou Manor,CT_596
AD_237,1736 Cavite Place,CT_216
AD_238,346 Skikda Parkway,CT_233
AD_239,98 Stara Zagora Boulevard,CT_96
AD_24,1688 Okara Way,CT_327
AD_240,1479 Rustenburg Boulevard,CT_527
AD_241,647 A Corua  Street,CT_357
AD_242,1964 Gijn Manor,CT_473
AD_243,47 Syktyvkar Lane,CT_118
AD_244,1148 Saarbrcken Parkway,CT_226
AD_245,1103 Bilbays Parkway,CT_578
AD_246,1246 Boksburg Parkway,CT_422
AD_247,1483 Pathankot Street,CT_454
AD_248,582 Papeete Loop,CT_294
AD_249,300 Junan Street,CT_553
AD_25,262 A Corua  Parkway,CT_525
AD_250,829 Grand Prairie Way,CT_328
AD_251,1473 Changhwa Parkway,CT_124
AD_252,1309 Weifang Street,CT_520
AD_253,1760 Oshawa Manor,CT_535
AD_254,786 Stara Zagora Way,CT_390
AD_255,1966 Tonghae Street,CT_198
AD_256,1497 Yuzhou Drive,CT_312
AD_258,752 Ondo Loop,CT_338
AD_259,1338 Zalantun Lane,CT_413
AD_26,28 Charlotte Amalie Street,CT_443
AD_260,127 Iwakuni Boulevard,CT_192
AD_261,51 Laredo Avenue,CT_342
AD_262,771 Yaound Manor,CT_64
AD_263,532 Toulon Street,CT_460
AD_264,1027 Banjul Place,CT_197
AD_265,1158 Mandi Bahauddin Parkway,CT_136
AD_266,862 Xintai Lane,CT_548
AD_267,816 Cayenne Parkway,CT_414
AD_268,1831 Nam Dinh Loop,CT_323
AD_269,446 Kirovo-Tepetsk Lane,CT_203
AD_27,1780 Hino Boulevard,CT_303
AD_270,682 Halisahar Place,CT_378
AD_271,1587 Loja Manor,CT_447
AD_272,1762 Paarl Parkway,CT_298
AD_273,1519 Ilorin Place,CT_395
AD_274,920 Kumbakonam Loop,CT_446
AD_275,906 Goinia Way,CT_255
AD_276,1675 Xiangfan Manor,CT_283
AD_277,85 San Felipe de Puerto Plata Drive,CT_584
AD_278,144 South Hill Loop,CT_445
AD_279,1884 Shikarpur Avenue,CT_263
AD_28,96 Tafuna Way,CT_128
AD_280,1980 Kamjanets-Podilskyi Street,CT_404
AD_281,1944 Bamenda Way,CT_573
AD_282,556 Baybay Manor,CT_374
AD_283,457 Tongliao Loop,CT_222
AD_284,600 Bradford Street,CT_514
AD_285,1006 Santa Brbara dOeste Manor,CT_389
AD_286,1308 Sumy Loop,CT_175
AD_287,1405 Chisinau Place,CT_411
AD_288,226 Halifax Street,CT_277
AD_289,1279 Udine Parkway,CT_69
AD_29,934 San Felipe de Puerto Plata Street,CT_472
AD_290,1336 Benin City Drive,CT_386
AD_291,1155 Liaocheng Place,CT_152
AD_292,1993 Tabuk Lane,CT_522
AD_293,86 Higashiosaka Lane,CT_563
AD_294,1912 Allende Manor,CT_279
AD_295,544 Tarsus Boulevard,CT_562
AD_296,1936 Cuman Avenue,CT_433
AD_297,1192 Tongliao Street,CT_470
AD_298,44 Najafabad Way,CT_146
AD_299,32 Pudukkottai Lane,CT_140
AD_3,23 Workhaven Lane,CT_300
AD_30,18 Duisburg Boulevard,CT_121
AD_300,661 Chisinau Lane,CT_274
AD_301,951 Stara Zagora Manor,CT_400
AD_302,922 Vila Velha Loop,CT_9
AD_303,898 Jining Lane,CT_387
AD_304,1635 Kuwana Boulevard,CT_205
AD_305,41 El Alto Parkway,CT_398
AD_306,1883 Maikop Lane,CT_254
AD_307,1908 Gaziantep Place,CT_536
AD_308,687 Alessandria Parkway,CT_455
AD_309,827 Yuncheng Drive,CT_99
AD_31,217 Botshabelo Place,CT_138
AD_310,913 Coacalco de Berriozbal Loop,CT_33
AD_311,715 So Bernardo do Campo Lane,CT_507
AD_312,1354 Siegen Street,CT_25
AD_313,1191 Sungai Petani Boulevard,CT_262
AD_314,1224 Huejutla de Reyes Boulevard,CT_91
AD_315,543 Bergamo Avenue,CT_215
AD_316,746 Joliet Lane,CT_286
AD_317,780 Kimberley Way,CT_515
AD_318,1774 Yaound Place,CT_166
AD_319,1957 Yantai Lane,CT_490
AD_32,1425 Shikarpur Manor,CT_346
AD_320,1542 Lubumbashi Boulevard,CT_57
AD_321,651 Pathankot Loop,CT_336
AD_322,1359 Zhoushan Parkway,CT_545
AD_323,1769 Iwaki Lane,CT_97
AD_324,1145 Vilnius Manor,CT_451
AD_325,1892 Nabereznyje Telny Lane,CT_516
AD_326,470 Boksburg Street,CT_81
AD_327,1427 A Corua  Place,CT_45
AD_328,479 San Felipe del Progreso Avenue,CT_130
AD_329,867 Benin City Avenue,CT_591
AD_33,786 Aurora Avenue,CT_474
AD_330,981 Kumbakonam Place,CT_89
AD_331,1016 Iwakuni Street,CT_269
AD_332,663 Baha Blanca Parkway,CT_5
AD_333,1860 Taguig Loop,CT_119
AD_334,1816 Bydgoszcz Loop,CT_234
AD_335,587 Benguela Manor,CT_42
AD_336,430 Kumbakonam Drive,CT_457
AD_337,1838 Tabriz Lane,CT_143
AD_338,431 Szkesfehrvr Avenue,CT_48
AD_339,503 Sogamoso Loop,CT_505
AD_34,1668 Anpolis Street,CT_316
AD_340,507 Smolensk Loop,CT_492
AD_341,1920 Weifang Avenue,CT_427
AD_342,124 al-Manama Way,CT_382
AD_343,1443 Mardan Street,CT_392
AD_344,1909 Benguela Lane,CT_581
AD_345,68 Ponce Parkway,CT_201
AD_346,1217 Konotop Avenue,CT_151
AD_347,1293 Nam Dinh Way,CT_84
AD_348,785 Vaduz Street,CT_335
AD_349,1516 Escobar Drive,CT_370
AD_35,33 Gorontalo Way,CT_257
AD_350,1628 Nagareyama Lane,CT_453
AD_351,1157 Nyeri Loop,CT_320
AD_352,1673 Tangail Drive,CT_137
AD_353,381 Kabul Way,CT_209
AD_354,953 Hodeida Street,CT_221
AD_355,469 Nakhon Sawan Street,CT_531
AD_356,1378 Beira Loop,CT_597
AD_357,1641 Changhwa Place,CT_52
AD_358,1698 Southport Loop,CT_393
AD_359,519 Nyeri Manor,CT_461
AD_36,176 Mandaluyong Place,CT_239
AD_360,619 Hunuco Avenue,CT_331
AD_361,45 Aparecida de Goinia Place,CT_464
AD_362,482 Kowloon and New Kowloon Manor,CT_90
AD_363,604 Bern Place,CT_429
AD_364,1623 Kingstown Drive,CT_20
AD_365,1009 Zanzibar Lane,CT_32
AD_366,114 Jalib al-Shuyukh Manor,CT_585
AD_367,1163 London Parkway,CT_66
AD_368,1658 Jastrzebie-Zdrj Loop,CT_372
AD_369,817 Laredo Avenue,CT_188
AD_37,127 Purnea  Manor,CT_17
AD_370,1565 Tangail Manor,CT_377
AD_371,1912 Emeishan Drive,CT_50
AD_372,230 Urawa Drive,CT_8
AD_373,1922 Miraj Way,CT_356
AD_374,433 Florencia Street,CT_250
AD_375,1049 Matamoros Parkway,CT_191
AD_376,1061 Ede Avenue,CT_98
AD_377,154 Oshawa Manor,CT_415
AD_378,1191 Tandil Drive,CT_523
AD_379,1133 Rizhao Avenue,CT_572
AD_38,61 Tama Street,CT_284
AD_380,1519 Santiago de los Caballeros Loop,CT_348
AD_381,1618 Olomouc Manor,CT_285
AD_382,220 Hidalgo Drive,CT_265
AD_383,686 Donostia-San Sebastin Lane,CT_471
AD_384,97 Mogiljov Lane,CT_73
AD_385,1642 Charlotte Amalie Drive,CT_549
AD_386,1368 Maracabo Boulevard,CT_493
AD_387,401 Sucre Boulevard,CT_322
AD_388,368 Hunuco Boulevard,CT_360
AD_389,500 Lincoln Parkway,CT_210
AD_39,391 Callao Drive,CT_544
AD_390,102 Chapra Drive,CT_521
AD_391,1793 Meixian Place,CT_258
AD_392,514 Ife Way,CT_315
AD_393,717 Changzhou Lane,CT_104
AD_394,753 Ilorin Avenue,CT_157
AD_395,1337 Mit Ghamr Avenue,CT_358
AD_396,767 Pyongyang Drive,CT_229
AD_397,614 Pak Kret Street,CT_6
AD_398,954 Lapu-Lapu Way,CT_278
AD_399,331 Bydgoszcz Parkway,CT_181
AD_4,1411 Lillydale Drive,CT_576
AD_40,334 Munger  Lane,CT_31
AD_400,1152 Citrus Heights Manor,CT_15
AD_401,168 Cianjur Manor,CT_228
AD_402,616 Hagonoy Avenue,CT_39
AD_403,1190 0 Place,CT_44
AD_404,734 Bchar Place,CT_375
AD_405,530 Lausanne Lane,CT_135
AD_406,454 Patiala Lane,CT_276
AD_407,1346 Mysore Drive,CT_92
AD_408,990 Etawah Loop,CT_564
AD_409,1266 Laredo Parkway,CT_380
AD_41,1440 Fukuyama Loop,CT_362
AD_410,88 Nagaon Manor,CT_524
AD_411,264 Bhimavaram Manor,CT_111
AD_412,1639 Saarbrcken Drive,CT_437
AD_413,692 Amroha Drive,CT_230
AD_414,1936 Lapu-Lapu Parkway,CT_141
AD_415,432 Garden Grove Street,CT_430
AD_416,1445 Carmen Parkway,CT_117
AD_417,791 Salinas Street,CT_208
AD_418,126 Acua Parkway,CT_71
AD_419,397 Sunnyvale Avenue,CT_19
AD_42,269 Cam Ranh Parkway,CT_115
AD_420,992 Klerksdorp Loop,CT_23
AD_421,966 Arecibo Loop,CT_134
AD_422,289 Santo Andr Manor,CT_16
AD_423,437 Chungho Drive,CT_450
AD_424,1948 Bayugan Parkway,CT_264
AD_425,1866 al-Qatif Avenue,CT_155
AD_426,1661 Abha Drive,CT_416
AD_427,1557 Cape Coral Parkway,CT_293
AD_428,1727 Matamoros Place,CT_465
AD_429,1269 Botosani Manor,CT_468
AD_43,306 Antofagasta Place,CT_569
AD_430,355 Vitria de Santo Anto Way,CT_452
AD_431,1596 Acua Parkway,CT_418
AD_432,259 Ipoh Drive,CT_189
AD_433,1823 Hoshiarpur Lane,CT_510
AD_434,1404 Taguig Drive,CT_547
AD_435,740 Udaipur Lane,CT_150
AD_436,287 Cuautla Boulevard,CT_501
AD_437,1766 Almirante Brown Street,CT_364
AD_438,596 Huixquilucan Place,CT_351
AD_439,1351 Aparecida de Goinia Parkway,CT_391
AD_44,671 Graz Street,CT_353
AD_440,722 Bradford Lane,CT_249
AD_441,983 Santa F Way,CT_565
AD_442,1245 Ibirit Way,CT_290
AD_443,1836 Korla Parkway,CT_272
AD_444,231 Kaliningrad Place,CT_70
AD_445,495 Bhimavaram Lane,CT_144
AD_446,1924 Shimonoseki Drive,CT_59
AD_447,105 Dzerzinsk Manor,CT_540
AD_448,614 Denizli Parkway,CT_486
AD_449,1289 Belm Boulevard,CT_530
AD_45,42 Brindisi Place,CT_586
AD_450,203 Tambaram Street,CT_161
AD_451,1704 Tambaram Manor,CT_554
AD_452,207 Cuernavaca Loop,CT_352
AD_453,319 Springs Loop,CT_160
AD_454,956 Nam Dinh Manor,CT_481
AD_455,1947 Paarl Way,CT_509
AD_456,814 Simferopol Loop,CT_154
AD_457,535 Ahmadnagar Manor,CT_3
AD_458,138 Caracas Boulevard,CT_326
AD_459,251 Florencia Drive,CT_556
AD_46,1632 Bislig Avenue,CT_394
AD_460,659 Gatineau Boulevard,CT_153
AD_461,1889 Valparai Way,CT_600
AD_462,1485 Bratislava Place,CT_435
AD_463,935 Aden Boulevard,CT_532
AD_464,76 Kermanshah Manor,CT_423
AD_465,734 Tanshui Avenue,CT_170
AD_466,118 Jaffna Loop,CT_182
AD_467,1621 Tongliao Avenue,CT_558
AD_468,1844 Usak Avenue,CT_196
AD_469,1872 Toulon Loop,CT_428
AD_47,1447 Imus Way,CT_167
AD_470,1088 Ibirit Place,CT_595
AD_471,1322 Mosul Parkway,CT_145
AD_472,1447 Chatsworth Place,CT_129
AD_473,1257 Guadalajara Street,CT_78
AD_474,1469 Plock Lane,CT_388
AD_475,434 Ourense  Manor,CT_206
AD_476,270 Tambaram Parkway,CT_244
AD_477,1786 Salinas Place,CT_359
AD_478,1078 Stara Zagora Drive,CT_301
AD_479,1854 Okara Boulevard,CT_158
AD_48,1998 Halifax Drive,CT_308
AD_480,421 Yaound Street,CT_385
AD_481,1153 Allende Way,CT_179
AD_482,808 Naala-Porto Parkway,CT_500
AD_483,632 Usolje-Sibirskoje Parkway,CT_36
AD_484,98 Pyongyang Boulevard,CT_11
AD_485,984 Novoterkassk Loop,CT_180
AD_486,64 Korla Street,CT_347
AD_487,1785 So Bernardo do Campo Street,CT_125
AD_488,698 Jelets Boulevard,CT_142
AD_489,1297 Alvorada Parkway,CT_587
AD_49,1718 Valencia Street,CT_27
AD_490,1909 Dayton Avenue,CT_469
AD_491,1789 Saint-Denis Parkway,CT_4
AD_492,185 Mannheim Lane,CT_408
AD_493,184 Mandaluyong Street,CT_288
AD_494,591 Sungai Petani Drive,CT_376
AD_495,656 Matamoros Drive,CT_487
AD_496,775 ostka Drive,CT_337
AD_497,1013 Tabuk Boulevard,CT_261
AD_498,319 Plock Parkway,CT_504
AD_499,1954 Kowloon and New Kowloon Way,CT_434
AD_5,1913 Hanoi Way,CT_463
AD_50,46 Pjatigorsk Lane,CT_343
AD_500,362 Rajkot Lane,CT_47
AD_501,1060 Tandil Lane,CT_432
AD_502,1515 Korla Way,CT_589
AD_503,1416 San Juan Bautista Tuxtepec Avenue,CT_444
AD_504,1 Valle de Santiago Avenue,CT_93
AD_505,519 Brescia Parkway,CT_318
AD_506,414 Mandaluyong Street,CT_314
AD_507,1197 Sokoto Boulevard,CT_478
AD_508,496 Celaya Drive,CT_552
AD_509,786 Matsue Way,CT_245
AD_51,686 Garland Manor,CT_247
AD_510,48 Maracabo Place,CT_519
AD_511,1152 al-Qatif Lane,CT_412
AD_512,1269 Ipoh Avenue,CT_163
AD_513,758 Korolev Parkway,CT_568
AD_514,1747 Rustenburg Place,CT_110
AD_515,886 Tonghae Place,CT_259
AD_516,1574 Goinia Boulevard,CT_502
AD_517,548 Uruapan Street,CT_312
AD_519,962 Tama Loop,CT_583
AD_52,909 Garland Manor,CT_367
AD_520,1778 Gijn Manor,CT_594
AD_521,568 Dhule  Loop,CT_127
AD_522,1768 Udine Loop,CT_60
AD_523,608 Birgunj Parkway,CT_116
AD_524,680 A Corua  Manor,CT_482
AD_525,1949 Sanya Street,CT_224
AD_526,617 Klerksdorp Place,CT_366
AD_527,1993 0 Loop,CT_588
AD_528,1176 Southend-on-Sea Manor,CT_458
AD_529,600 Purnea  Avenue,CT_571
AD_53,725 Isesaki Place,CT_237
AD_530,1003 Qinhuangdao Street,CT_419
AD_531,1986 Sivas Place,CT_551
AD_532,1427 Tabuk Place,CT_101
AD_533,556 Asuncin Way,CT_339
AD_534,486 Ondo Parkway,CT_67
AD_535,635 Brest Manor,CT_75
AD_536,166 Jinchang Street,CT_165
AD_537,958 Sagamihara Lane,CT_287
AD_538,1817 Livorno Way,CT_100
AD_539,1332 Gaziantep Lane,CT_80
AD_54,115 Hidalgo Parkway,CT_379
AD_540,949 Allende Lane,CT_24
AD_541,195 Ilorin Street,CT_363
AD_542,193 Bhusawal Place,CT_539
AD_543,43 Vilnius Manor,CT_42
AD_544,183 Haiphong Street,CT_46
AD_545,163 Augusta-Richmond County Loop,CT_561
AD_546,191 Jos Azueta Parkway,CT_436
AD_547,379 Lublin Parkway,CT_309
AD_548,1658 Cuman Loop,CT_396
AD_549,454 Qinhuangdao Drive,CT_68
AD_55,1135 Izumisano Parkway,CT_171
AD_550,1715 Okayama Street,CT_485
AD_551,182 Nukualofa Drive,CT_275
AD_552,390 Wroclaw Way,CT_462
AD_553,1421 Quilmes Lane,CT_260
AD_554,947 Trshavn Place,CT_528
AD_555,1764 Jalib al-Shuyukh Parkway,CT_459
AD_556,346 Cam Ranh Avenue,CT_599
AD_557,1407 Pachuca de Soto Place,CT_21
AD_558,904 Clarksville Drive,CT_193
AD_559,1917 Kumbakonam Parkway,CT_368
AD_56,939 Probolinggo Loop,CT_1
AD_560,1447 Imus Place,CT_426
AD_561,1497 Fengshan Drive,CT_112
AD_562,869 Shikarpur Way,CT_496
AD_563,1059 Yuncheng Avenue,CT_570
AD_564,505 Madiun Boulevard,CT_577
AD_565,1741 Hoshiarpur Boulevard,CT_79
AD_566,1229 Varanasi  Manor,CT_43
AD_567,1894 Boa Vista Way,CT_178
AD_568,1342 Sharja Way,CT_488
AD_569,1342 Abha Boulevard,CT_95
AD_57,17 Kabul Boulevard,CT_355
AD_570,415 Pune Avenue,CT_580
AD_571,1746 Faaa Way,CT_214
AD_572,539 Hami Way,CT_538
AD_573,1407 Surakarta Manor,CT_466
AD_574,502 Mandi Bahauddin Parkway,CT_55
AD_575,1052 Pathankot Avenue,CT_299
AD_576,1351 Sousse Lane,CT_341
AD_577,1501 Pangkal Pinang Avenue,CT_409
AD_578,1405 Hagonoy Avenue,CT_133
AD_579,521 San Juan Bautista Tuxtepec Place,CT_598
AD_58,1964 Allappuzha Street,CT_227
AD_580,923 Tangail Boulevard,CT_10
AD_581,186 Skikda Lane,CT_131
AD_582,1568 Celaya Parkway,CT_168
AD_583,1489 Kakamigahara Lane,CT_526
AD_584,1819 Alessandria Loop,CT_103
AD_585,1208 Tama Loop,CT_344
AD_586,951 Springs Lane,CT_219
AD_587,760 Miyakonojo Drive,CT_246
AD_588,966 Asuncin Way,CT_212
AD_589,1584 Ljubertsy Lane,CT_494
AD_59,1697 Kowloon and New Kowloon Loop,CT_49
AD_590,247 Jining Parkway,CT_54
AD_591,773 Dallas Manor,CT_424
AD_592,1923 Stara Zagora Lane,CT_546
AD_593,1402 Zanzibar Boulevard,CT_106
AD_594,1464 Kursk Parkway,CT_574
AD_595,1074 Sanaa Parkway,CT_311
AD_596,1759 Niznekamsk Avenue,CT_14
AD_597,32 Liaocheng Way,CT_248
AD_598,42 Fontana Avenue,CT_512
AD_599,1895 Zhezqazghan Drive,CT_177
AD_6,1121 Loja Avenue,CT_449
AD_60,1668 Saint Louis Place,CT_397
AD_600,1837 Kaduna Parkway,CT_241
AD_601,844 Bucuresti Place,CT_242
AD_602,1101 Bucuresti Boulevard,CT_401
AD_603,1103 Quilmes Boulevard,CT_503
AD_604,1331 Usak Boulevard,CT_296
AD_605,1325 Fukuyama Street,CT_537
AD_61,943 Tokat Street,CT_560
AD_62,1114 Liepaja Street,CT_282
AD_63,1213 Ranchi Parkway,CT_350
AD_64,81 Hodeida Way,CT_231
AD_65,915 Ponce Place,CT_56
AD_66,1717 Guadalajara Lane,CT_441
AD_67,1214 Hanoi Way,CT_306
AD_68,1966 Amroha Avenue,CT_139
AD_69,698 Otsu Street,CT_105
AD_7,692 Joliet Street,CT_38
AD_70,1150 Kimchon Manor,CT_321
AD_71,1586 Guaruj Place,CT_579
AD_72,57 Arlington Manor,CT_475
AD_73,1031 Daugavpils Parkway,CT_63
AD_74,1124 Buenaventura Drive,CT_13
AD_75,492 Cam Ranh Street,CT_61
AD_76,89 Allappuzha  Manor,CT_517
AD_77,1947 Poos de Caldas Boulevard,CT_114
AD_78,1206 Dos Quebradas Place,CT_431
AD_79,1551 Rampur Lane,CT_108
AD_8,1566 Inegl Manor,CT_349
AD_80,602 Paarl Street,CT_402
AD_81,1692 Ede Loop,CT_30
AD_82,936 Salzburg Lane,CT_425
AD_83,586 Tete Way,CT_256
AD_84,1888 Kabul Drive,CT_217
AD_85,320 Baiyin Parkway,CT_319
AD_86,927 Baha Blanca Parkway,CT_479
AD_87,929 Tallahassee Loop,CT_497
AD_88,125 Citt del Vaticano Boulevard,CT_40
AD_89,1557 Ktahya Boulevard,CT_88
AD_9,53 Idfu Parkway,CT_361
AD_90,870 Ashqelon Loop,CT_489
AD_91,1740 Portoviejo Avenue,CT_480
AD_92,1942 Ciparay Parkway,CT_113
AD_93,1926 El Alto Avenue,CT_289
AD_94,1952 Chatsworth Drive,CT_332
AD_95,1370 Le Mans Avenue,CT_53
AD_96,984 Effon-Alaiye Avenue,CT_183
AD_97,832 Nakhon Sawan Manor,CT_592
AD_98,152 Kitwe Parkway,CT_82
AD_99,1697 Tanauan Lane,CT_399
